Workbook

Sheet WBS_ガントチャート
A1: タスクのタイトル | B1: タスクオーナー | C1: 開始日 | D1: 期限 | E1: 期間 | F1: ステータス | G1: 進捗率 | H1: 2026年8月 | AK1: 2026年9月 | BO1: 2026年10月 | CT1: 2026年11月 | DX1: 2026年12月
H2: 第1週 | O2: 第2週 | V2: 第3週 | AC2: 第4週 | AJ2: 第5週 | AQ2: 第6週 | AX2: 第7週 | BE2: 第8週 | BL2: 第9週 | BS2: 第10週 | BZ2: 第11週 | CG2: 第12週 | CN2: 第13週 | CU2: 第14週 | DB2: 第15週 | DI2: 第16週 | DP2: 第17週 | DW2: 第18週 | ED2: 第19週
H3: 46237 | I3: 46238 | J3: 46239 | K3: 46240 | L3: 46241 | M3: 46242 | N3: 46243 | O3: 46244 | P3: 46245 | Q3: 46246 | R3: 46247 | S3: 46248 | T3: 46249 | U3: 46250 | V3: 46251 | W3: 46252 | X3: 46253 | Y3: 46254 | Z3: 46255 | AA3: 46256 | AB3: 46257 | AC3: 46258 | AD3: 46259 | AE3: 46260 | AF3: 46261 | AG3: 46262 | AH3: 46263 | AI3: 46264 | AJ3: 46265 | AK3: 46266 | AL3: 46267 | AM3: 46268 | AN3: 46269 | AO3: 46270 | AP3: 46271 | AQ3: 46272 | AR3: 46273 | AS3: 46274 | AT3: 46275 | AU3: 46276 | AV3: 46277 | AW3: 46278 | AX3: 46279 | AY3: 46280 | AZ3: 46281 | BA3: 46282 | BB3: 46283 | BC3: 46284 | BD3: 46285 | BE3: 46286 | BF3: 46287 | BG3: 46288 | BH3: 46289 | BI3: 46290 | BJ3: 46291 | BK3: 46292 | BL3: 46293 | BM3: 46294 | BN3: 46295 | BO3: 46296 | BP3: 46297 | BQ3: 46298 | BR3: 46299 | BS3: 46300 | BT3: 46301 | BU3: 46302 | BV3: 46303 | BW3: 46304 | BX3: 46305 | BY3: 46306 | BZ3: 46307 | CA3: 46308 | CB3: 46309 | CC3: 46310 | CD3: 46311 | CE3: 46312 | CF3: 46313 | CG3: 46314 | CH3: 46315 | CI3: 46316 | CJ3: 46317 | CK3: 46318 | CL3: 46319 | CM3: 46320 | CN3: 46321 | CO3: 46322 | CP3: 46323 | CQ3: 46324 | CR3: 46325 | CS3: 46326 | CT3: 46327 | CU3: 46328 | CV3: 46329 | CW3: 46330 | CX3: 46331 | CY3: 46332 | CZ3: 46333 | DA3: 46334 | DB3: 46335 | DC3: 46336 | DD3: 46337 | DE3: 46338 | DF3: 46339 | DG3: 46340 | DH3: 46341 | DI3: 46342 | DJ3: 46343 | DK3: 46344 | DL3: 46345 | DM3: 46346 | DN3: 46347 | DO3: 46348 | DP3: 46349 | DQ3: 46350 | DR3: 46351 | DS3: 46352 | DT3: 46353 | DU3: 46354 | DV3: 46355 | DW3: 46356 | DX3: 46357 | DY3: 46358 | DZ3: 46359 | EA3: 46360 | EB3: 46361 | EC3: 46362 | ED3: 46363 | EE3: 46364 | EF3: 46365 | EG3: 46366 | EH3: 46367 | EI3: 46368 | EJ3: 46369
H4: 月 | I4: 火 | J4: 水 | K4: 木 | L4: 金 | M4: 土 | N4: 日 | O4: 月 | P4: 火 | Q4: 水 | R4: 木 | S4: 金 | T4: 土 | U4: 日 | V4: 月 | W4: 火 | X4: 水 | Y4: 木 | Z4: 金 | AA4: 土 | AB4: 日 | AC4: 月 | AD4: 火 | AE4: 水 | AF4: 木 | AG4: 金 | AH4: 土 | AI4: 日 | AJ4: 月 | AK4: 火 | AL4: 水 | AM4: 木 | AN4: 金 | AO4: 土 | AP4: 日 | AQ4: 月 | AR4: 火 | AS4: 水 | AT4: 木 | AU4: 金 | AV4: 土 | AW4: 日 | AX4: 月 | AY4: 火 | AZ4: 水 | BA4: 木 | BB4: 金 | BC4: 土 | BD4: 日 | BE4: 月 | BF4: 火 | BG4: 水 | BH4: 木 | BI4: 金 | BJ4: 土 | BK4: 日 | BL4: 月 | BM4: 火 | BN4: 水 | BO4: 木 | BP4: 金 | BQ4: 土 | BR4: 日 | BS4: 月 | BT4: 火 | BU4: 水 | BV4: 木 | BW4: 金 | BX4: 土 | BY4: 日 | BZ4: 月 | CA4: 火 | CB4: 水 | CC4: 木 | CD4: 金 | CE4: 土 | CF4: 日 | CG4: 月 | CH4: 火 | CI4: 水 | CJ4: 木 | CK4: 金 | CL4: 土 | CM4: 日 | CN4: 月 | CO4: 火 | CP4: 水 | CQ4: 木 | CR4: 金 | CS4: 土 | CT4: 日 | CU4: 月 | CV4: 火 | CW4: 水 | CX4: 木 | CY4: 金 | CZ4: 土 | DA4: 日 | DB4: 月 | DC4: 火 | DD4: 水 | DE4: 木 | DF4: 金 | DG4: 土 | DH4: 日 | DI4: 月 | DJ4: 火 | DK4: 水 | DL4: 木 | DM4: 金 | DN4: 土 | DO4: 日 | DP4: 月 | DQ4: 火 | DR4: 水 | DS4: 木 | DT4: 金 | DU4: 土 | DV4: 日 | DW4: 月 | DX4: 火 | DY4: 水 | DZ4: 木 | EA4: 金 | EB4: 土 | EC4: 日 | ED4: 月 | EE4: 火 | EF4: 水 | EG4: 木 | EH4: 金 | EI4: 土 | EJ4: 日
A5: 本分析
A6: 1. お互いに残論点について詰める ＆ 教授陣に確認してもらう | B6: 鈴木・西村 | C6: 46241 | D6: 46244 | E6: =IF(OR($C6="",$D6=""),"",$D6-$C6+1) | F6: 未着手 | G6: =IFERROR(VLOOKUP($F6,'使い方と進捗の定義'!$A$12:$B$16,2,FALSE),0)
A7: 1-1. 【追加タスク】ガントチャート作成 | B7: 鈴木 | C7: 46241 | D7: 46244 | E7: =IF(OR($C7="",$D7=""),"",$D7-$C7+1) | F7: 未着手 | G7: =IFERROR(VLOOKUP($F7,'使い方と進捗の定義'!$A$12:$B$16,2,FALSE),0)
A8: 1-2. 【追加タスク】竹本様に連絡 | B8: 未定 | C8: 46241 | D8: 46244 | E8: =IF(OR($C8="",$D8=""),"",$D8-$C8+1) | F8: 未着手 | G8: =IFERROR(VLOOKUP($F8,'使い方と進捗の定義'!$A$12:$B$16,2,FALSE),0)
A9: 2. 共有（22:00〜） | B9: 鈴木・西村 | C9: 46244 | D9: 46244 | E9: =IF(OR($C9="",$D9=""),"",$D9-$C9+1) | F9: 未着手 | G9: =IFERROR(VLOOKUP($F9,'使い方と進捗の定義'!$A$12:$B$16,2,FALSE),0)
A10: 3. パーソルキャリアの企画職・DSの方に見てもらう | B10: 未定 | C10: 46253 | D10: 46269 | E10: =IF(OR($C10="",$D10=""),"",$D10-$C10+1) | F10: 未着手 | G10: =IFERROR(VLOOKUP($F10,'使い方と進捗の定義'!$A$12:$B$16,2,FALSE),0)
A11: 4. 議論 | B11: 未定 | E11: =IF(OR($C11="",$D11=""),"",$D11-$C11+1) | F11: 未着手 | G11: =IFERROR(VLOOKUP($F11,'使い方と進捗の定義'!$A$12:$B$16,2,FALSE),0)
A12: 5. 6. データ格納 ＆ 実行 | B12: 未定 | C12: 46257 | D12: 46271 | E12: =IF(OR($C12="",$D12=""),"",$D12-$C12+1) | F12: 未着手 | G12: =IFERROR(VLOOKUP($F12,'使い方と進捗の定義'!$A$12:$B$16,2,FALSE),0)
A13: 5-1. リポジトリ格納：和歌山県 Q1 主観WB（幸福度／満足度） | B13: 未定 | C13: 46257 | D13: 46271 | E13: =IF(OR($C13="",$D13=""),"",$D13-$C13+1) | F13: 未着手 | G13: =IFERROR(VLOOKUP($F13,'使い方と進捗の定義'!$A$12:$B$16,2,FALSE),0)
A14: 5-2. リポジトリ格納：和歌山県 主観WB 各カテゴリ | B14: 未定 | C14: 46257 | D14: 46271 | E14: =IF(OR($C14="",$D14=""),"",$D14-$C14+1) | F14: 未着手 | G14: =IFERROR(VLOOKUP($F14,'使い方と進捗の定義'!$A$12:$B$16,2,FALSE),0)
A15: 5-3. リポジトリ格納：他県の主観／客観WB（時と場合による） | B15: 未定 | C15: 46257 | D15: 46271 | E15: =IF(OR($C15="",$D15=""),"",$D15-$C15+1) | F15: 未着手 | G15: =IFERROR(VLOOKUP($F15,'使い方と進捗の定義'!$A$12:$B$16,2,FALSE),0)
A16: 7. パワーポイントの作成 ＆ 応募用紙作成 | B16: 未定 | C16: 46272 | D16: 46281 | E16: =IF(OR($C16="",$D16=""),"",$D16-$C16+1) | F16: 未着手 | G16: =IFERROR(VLOOKUP($F16,'使い方と進捗の定義'!$A$12:$B$16,2,FALSE),0)
A17: 8. 練習 ＆ 各個人で他者に見てもらう | B17: 未定 | C17: 46282 | D17: 46292 | E17: =IF(OR($C17="",$D17=""),"",$D17-$C17+1) | F17: 未着手 | G17: =IFERROR(VLOOKUP($F17,'使い方と進捗の定義'!$A$12:$B$16,2,FALSE),0)
A18: 9. FB改善 | B18: 未定 | C18: 46293 | D18: 46295 | E18: =IF(OR($C18="",$D18=""),"",$D18-$C18+1) | F18: 未着手 | G18: =IFERROR(VLOOKUP($F18,'使い方と進捗の定義'!$A$12:$B$16,2,FALSE),0)
A19: 10. 最終書類確認 ＆ 提出 | B19: 未定 | C19: 46296 | D19: 46296 | E19: =IF(OR($C19="",$D19=""),"",$D19-$C19+1) | F19: 未着手 | G19: =IFERROR(VLOOKUP($F19,'使い方と進捗の定義'!$A$12:$B$16,2,FALSE),0)
A20: ◆ 応募締切（10月8日 木） | B20: 鈴木・西村 | C20: 46303 | D20: 46303 | E20: =IF(OR($C20="",$D20=""),"",$D20-$C20+1) | F20: 未着手 | G20: =IFERROR(VLOOKUP($F20,'使い方と進捗の定義'!$A$12:$B$16,2,FALSE),0)
A21: 11. 練習 | B21: 未定 | E21: =IF(OR($C21="",$D21=""),"",$D21-$C21+1) | F21: 未着手 | G21: =IFERROR(VLOOKUP($F21,'使い方と進捗の定義'!$A$12:$B$16,2,FALSE),0)
A22: ◆ 12. 本番：和歌山県データ利活用推進センター 10:00〜 | B22: 鈴木・西村 | C22: 46368 | D22: 46368 | E22: =IF(OR($C22="",$D22=""),"",$D22-$C22+1) | F22: 未着手 | G22: =IFERROR(VLOOKUP($F22,'使い方と進捗の定義'!$A$12:$B$16,2,FALSE),0)
A23: 応募書類の作成
A24: 応募用紙 | B24: 未定 | E24: =IF(OR($C24="",$D24=""),"",$D24-$C24+1) | F24: 未着手 | G24: =IFERROR(VLOOKUP($F24,'使い方と進捗の定義'!$A$12:$B$16,2,FALSE),0)
A25: プレゼン資料 | B25: 未定 | E25: =IF(OR($C25="",$D25=""),"",$D25-$C25+1) | F25: 未着手 | G25: =IFERROR(VLOOKUP($F25,'使い方と進捗の定義'!$A$12:$B$16,2,FALSE),0)
A27: 凡例
B28: 予定期間
B29: 実績（ステータスに連動して自動で伸びる）
B30: マイルストーン（締切・本番）
B31: 大分類
B32: 土曜／日曜
A34: ※ 出典：Wakayama/docs/和歌山コンペ_分析要件定義書 (1)0810.md「wbs」セクション（2026年8月7日 MTG）
A35: ※ B列（タスクオーナー）とF列（ステータス）はプルダウン。セルを選ぶと右に▼が出ます。
A36: ※ G列（進捗率）は F列から自動計算される数式です。直接入力しないでください。
A37: ※ 各ステータスに上げる条件と、タスクごとの「完了」の定義は「使い方と進捗の定義」シートにあります。
A38: ※ 「4. 議論」「11. 練習」「応募用紙」「プレゼン資料」は原文に日付が無いため空欄。日付を入れるとバーが自動で描かれます。

Sheet 使い方と進捗の定義
A1: 使い方と進捗の定義
A2: このシートの表が、そのままガントチャート側のプルダウンの選択肢になっています。文言を書き換えると選択肢も変わります。
A3: 1. タスクオーナー（ガントチャートのB列）
A4: 選択肢 | C4: 意味
A5: 鈴木 | C5: 鈴木が単独で持つタスク。
A6: 西村 | C6: 西村氏が単独で持つタスク。
A7: 鈴木・西村 | C7: 2人で一緒にやるタスク。どちらかが欠けると進まないもの。
A8: 未定 | C8: WBS原文に担当の明記がなく、まだ割り振っていないタスク。
A10: 2. ステータス（F列）と進捗率（G列）
A11: ステータス | B11: 進捗率 | C11: この状態に上げてよい条件（＝何をしたら次に進むか）
A12: 未着手 | B12: 0 | C12: まだ手をつけていない。開始日を過ぎてもここなら遅延。
A13: 着手 | B13: 0.25 | C13: 着手を宣言し、必要な材料（データ・資料・連絡先・参照リンク）を洗い出して手元に揃えた。
A14: 作業中 | B14: 0.5 | C14: 成果物の初版がファイルとして存在し、リポジトリにコミットされている。中身の完成度は問わない。
A15: レビュー待ち | B15: 0.75 | C15: 相手（西村氏／教授陣／竹本様／パーソルのDS等）に共有し、返答・確認を待っている。自分の手は離れている。
A16: 完了 | B16: 1 | C16: 相手の確認が取れ、指摘の反映まで終わった。次のタスクにそのまま渡せる状態。
A17: ※ 進捗率(G列)はこの表の「進捗率」を引いてくる数式です。数字を直接いじらず、ステータスを選び直してください。
A18: ※ 迷ったら下げる。「レビュー待ち」は相手ボールのときだけ。自分の手元に戻ってきたら「作業中」に戻します。
A20: 3. タスクごとの「完了（100%）」の定義
A21: タスク | C21: これが満たせたら「完了」
A22: 1. お互いに残論点について詰める ＆ 教授陣に確認してもらう | C22: 残論点それぞれに結論が出ていて、教授陣からのコメントを受け取り、要件定義書に反映済み。
A23: 1-1. ガントチャート作成 | C23: 本ファイルが完成し、西村氏に共有して合意が取れている。
A24: 1-2. 竹本様に連絡 | C24: 連絡を送信し、返信を受け取っている（送っただけはレビュー待ち止まり）。
A25: 2. 共有（22:00〜） | C25: MTGを実施し、決まったことを要件定義書か Context Vault に書き込んだ。
A26: 3. パーソルキャリアの企画職・DSの方に見てもらう | C26: 面談を実施し、もらった指摘を一覧の形で書き出した。
A27: 4. 議論 | C27: 3 の指摘それぞれに「対応する／しない」と理由を決め、要件定義書に反映した。
A28: 5. 6. データ格納 ＆ 実行 | C28: 下の 5-1〜5-3 が揃い、分析スクリプトが最後まで通って結果ファイルが出力されている。
A29: 5-1. 和歌山県 Q1 主観WB（幸福度／満足度） | C29: 該当データを取得してリポジトリにコミットし、出典URLと取得日を記録した。
A30: 5-2. 和歌山県 主観WB 各カテゴリ | C30: 同上。24指標のうちどれを採用したかも記録する。
A31: 5-3. 他県の主観／客観WB | C31: 同上。使わないと判断した場合は、その判断理由を記録すれば完了とする。
A32: 7. パワーポイントの作成 ＆ 応募用紙作成 | C32: 応募用紙が全項目埋まり、プレゼン資料が最初から最後まで通しでつながっている。
... A38: 応募用紙 / プレゼン資料 | C38: 7 と同じ基準。7 の内訳としてこの2行で進捗を見る。
